InputID,TargetID,Distance
Paris,London,342513.054117311
Paris,Madrid,1052036.75729113
Paris,Berlin,880435.511917299
Paris,Milan,642832.744843518
Paris,Barcelona,830913.743107866
Paris,Athens,2101294.28946779
Paris,Rome,1108588.56649932
Paris,Birmingham,501167.34681637
Paris,Lisbon,1453570.39523704
Paris,Naples,1294937.38664045
Paris,Katowice,1214532.34391551
Paris,Manchester,604856.368689072
Paris,Hamburg,747918.538397577
Paris,Budapest,1250046.29324761
Paris,Bucharest,1877259.72698279
Paris,Warsaw,1372278.19217685
Paris,Stuttgart,503684.82513837
Paris,Vienna,1038840.78829171
Paris,Munich,688266.160735095
Paris,Brussels,264973.65344695
Paris,Stockholm,1547573.99062098
Paris,Frankfurt am Main,481375.603406466
Paris,Cologne,405620.252889867
Paris,Copenhagen,1030747.88821701
Paris,Valencia,1065152.85705611
Paris,Turin,586395.908319126
Paris,Glasgow,897604.976527566
Paris,Lyon,393576.188592176
Paris,Prague,888190.650564313
Paris,Sofia,8422010.45049885
Paris,Liverpool,627540.833465969
Paris,Porto,1212897.27351744
Paris,Seville,1440753.14706381
Paris,Dublin,780591.71915127
Paris,Helsinki,1914357.77764688
Paris,Amsterdam,431171.407474136
Paris,Rotterdam,373889.52605247
Paris,Düsseldorf,413619.104949311
London,Paris,342513.054117311
London,Madrid,1263101.9239176
London,Berlin,933410.764124597
London,Milan,960854.773665074
London,Barcelona,1139126.60464721
London,Athens,2395082.77234902
London,Rome,1435552.09432735
London,Birmingham,162998.521798711
London,Lisbon,1586542.5130236
London,Naples,1618941.58673216
London,Katowice,1350901.42339721
London,Manchester,262356.741082057
London,Hamburg,723238.54312433
London,Budapest,1453279.06577411
London,Bucharest,2096179.33360634
London,Warsaw,1452733.66923695
London,Stuttgart,730611.849504848
London,Vienna,1238804.77577123
London,Munich,920446.252941716
London,Brussels,321695.568410309
London,Stockholm,1436385.48265044
London,Frankfurt am Main,639663.09978365
London,Cologne,498975.236590103
London,Copenhagen,958749.524973443
London,Valencia,1338015.18574073
London,Turin,920147.371524399
London,Glasgow,555594.851806089
London,Lyon,736089.21649678
London,Prague,1038567.69714702
London,Sofia,8751394.7578652
London,Liverpool,287351.524683592
London,Porto,1321711.69864197
London,Seville,1635587.71371519
London,Dublin,464591.601961709
London,Helsinki,1826156.05204747
London,Amsterdam,358400.500510505
London,Rotterdam,321597.38614033
London,Düsseldorf,481657.387087601
Madrid,Paris,1052036.75729113
Madrid,London,1263101.9239176
Madrid,Berlin,1870370.96700416
Madrid,Milan,1190414.88763231
Madrid,Barcelona,506922.015758683
Madrid,Athens,2375322.30023292
Madrid,Rome,1366446.67238949
Madrid,Birmingham,1347927.63897809
Madrid,Lisbon,503860.962142254
Madrid,Naples,1516978.69361971
Madrid,Katowice,2074592.45446654
Madrid,Manchester,1456340.38484522
Madrid,Hamburg,1787401.75186562
Madrid,Budapest,1978449.44306301
Madrid,Bucharest,2478927.18417327
Madrid,Warsaw,2293756.29969373
Madrid,Stuttgart,1378506.82098313
Madrid,Vienna,1813022.48276144
Madrid,Munich,1486857.76666419
Madrid,Brussels,1316608.73965848
Madrid,Stockholm,2595971.26127659
Madrid,Frankfurt am Main,1447275.17328822
Madrid,Cologne,1431340.30022955
Madrid,Copenhagen,2075553.93252109
Madrid,Valencia,303154.617100779
Madrid,Turin,1064480.45107555
Madrid,Glasgow,1717751.00544598
Madrid,Lyon,912931.1409005
Madrid,Prague,1775229.90861364
Madrid,Sofia,8170341.33787371
Madrid,Liverpool,1445136.82033982
Madrid,Porto,422074.147881389
Madrid,Seville,390504.191600236
Madrid,Dublin,1450644.75639017
Madrid,Helsinki,2953002.15072675
Madrid,Amsterdam,1481961.57267201
Madrid,Rotterdam,1424527.66137173
Madrid,Düsseldorf,1448224.11320508
Berlin,Paris,880435.511917299
Berlin,London,933410.764124597
Berlin,Madrid,1870370.96700416
Berlin,Milan,842034.261872023
Berlin,Barcelona,1499696.90012242
Berlin,Athens,1803400.66632239
Berlin,Rome,1183054.53358066
Berlin,Birmingham,1036555.5917937
Berlin,Lisbon,2315266.22992741
Berlin,Naples,1300167.93707926
Berlin,Katowice,467449.908644206
Berlin,Manchester,1052966.57583069
Berlin,Hamburg,254694.376805594
Berlin,Budapest,689313.515517402
Berlin,Bucharest,1296901.56209079
Berlin,Warsaw,519529.129406326
Berlin,Stuttgart,511253.640216098
Berlin,Vienna,524081.174102488
Berlin,Munich,503981.694869513
Berlin,Brussels,651587.215497376
Berlin,Stockholm,812081.87336607
Berlin,Frankfurt am Main,423371.538215832
Berlin,Cologne,477454.122851407
Berlin,Copenhagen,356843.442574795
Berlin,Valencia,1793534.83991534
Berlin,Turin,927761.043616525
Berlin,Glasgow,1206126.45534393
Berlin,Lyon,975833.211698812
Berlin,Prague,283167.668369517
Berlin,Sofia,8223280.64201003
Berlin,Liverpool,1102701.42080543
Berlin,Porto,2086779.59576042
Berlin,Seville,2258456.26581289
Berlin,Dublin,1320264.65374757
Berlin,Helsinki,1108633.08931391
Berlin,Amsterdam,577525.302827255
Berlin,Rotterdam,612144.372569719
Berlin,Düsseldorf,477371.70529206
Milan,Paris,642832.744843518
Milan,London,960854.773665074
Milan,Madrid,1190414.88763231
Milan,Berlin,842034.261872023
Milan,Barcelona,726189.863018723
Milan,Athens,1463954.16529623
Milan,Rome,477322.178547738
Milan,Birmingham,1123801.54603885
Milan,Lisbon,1686510.74054772
Milan,Naples,658292.831016418
Milan,Katowice,903695.12511921
Milan,Manchester,1214286.42392605
Milan,Hamburg,901235.254411184
Milan,Budapest,788856.503282385
Milan,Bucharest,1337088.99857097
Milan,Warsaw,1145784.76227958
Milan,Stuttgart,368456.925012619
Milan,Vienna,626791.402156657
Milan,Munich,348471.098001614
Milan,Brussels,698031.496940373
Milan,Stockholm,1653197.07275783
Milan,Frankfurt am Main,518015.170916852
Milan,Cologne,630776.157702016
Milan,Copenhagen,1161727.07066481
Milan,Valencia,1029415.02204831
Milan,Turin,126219.381880917
Milan,Glasgow,1491439.25126284
Milan,Lyon,341433.263210471
Milan,Prague,644925.925678348
Milan,Sofia,7791045.01241686
Milan,Liverpool,1246171.68577643
Milan,Porto,1517900.60108903
Milan,Seville,1550009.23153829
Milan,Dublin,1418400.67492222
Milan,Helsinki,1939611.47645224
Milan,Amsterdam,829928.400982993
Milan,Rotterdam,797350.48583762
Milan,Düsseldorf,665037.598615165
Barcelona,Paris,830913.743107866
Barcelona,London,1139126.60464721
Barcelona,Madrid,506922.015758683
Barcelona,Berlin,1499696.90012242
Barcelona,Milan,726189.863018723
Barcelona,Athens,1881700.69361812
Barcelona,Rome,859988.368502634
Barcelona,Birmingham,1271615.89689554
Barcelona,Lisbon,1009283.41156539
Barcelona,Naples,1014937.52005933
Barcelona,Katowice,1629284.7818066
Barcelona,Manchester,1384960.86971815
Barcelona,Hamburg,1473625.37758048
Barcelona,Budapest,1500300.08015903
Barcelona,Bucharest,1975616.68866864
Barcelona,Warsaw,1866280.61948347
Barcelona,Stuttgart,988742.434245241
Barcelona,Vienna,1351957.67464777
Barcelona,Munich,1055401.96163097
Barcelona,Brussels,1065133.15187162
Barcelona,Stockholm,2280615.31228939
Barcelona,Frankfurt am Main,1093163.6285114
Barcelona,Cologne,1123916.37813966
Barcelona,Copenhagen,1761597.7434227
Barcelona,Valencia,303448.453952407
Barcelona,Turin,606046.869676859
Barcelona,Glasgow,1676467.87829531
Barcelona,Lyon,531190.949975462
Barcelona,Prague,1353998.46447737
Barcelona,Sofia,7859326.63341003
Barcelona,Liverpool,1391696.19264937
Barcelona,Porto,903795.512146523
Barcelona,Seville,831557.004734351
Barcelona,Dublin,1472808.43850021
Barcelona,Helsinki,2607085.36697921
Barcelona,Amsterdam,1238907.93937034
Barcelona,Rotterdam,1184832.2288352
Barcelona,Düsseldorf,1149406.51389931
Athens,Paris,2101294.28946779
Athens,London,2395082.77234902
Athens,Madrid,2375322.30023292
Athens,Berlin,1803400.66632239
Athens,Milan,1463954.16529623
Athens,Barcelona,1881700.69361812
Athens,Rome,1053508.32164555
Athens,Birmingham,2554292.40128861
Athens,Lisbon,2858621.88574251
Athens,Naples,875080.208369531
Athens,Katowice,1409783.83394599
Athens,Manchester,2629314.00559958
Athens,Hamburg,2025220.72602691
Athens,Budapest,1123891.22480252
Athens,Bucharest,743630.12528486
Athens,Warsaw,1597557.43659203
Athens,Stuttgart,1676127.75226051
Athens,Vienna,1282639.95603147
Athens,Munich,1497107.98725637
Athens,Brussels,2091499.68490314
Athens,Stockholm,2407422.93022104
Athens,Frankfurt am Main,1801345.02725426
Athens,Cologne,1953740.64949252
Athens,Copenhagen,2137917.2606224
Athens,Valencia,2096318.63683236
Athens,Turin,1549091.12736361
Athens,Glasgow,2877132.78500757
Athens,Lyon,1784260.4390846
Athens,Prague,1531579.01890121
Athens,Sofia,6426352.30156618
Athens,Liverpool,2668380.55743217
Athens,Porto,2784885.69229788
Athens,Seville,2611424.22341535
Athens,Dublin,2859622.4981308
Athens,Helsinki,2468512.13174133
Athens,Amsterdam,2166136.66188743
Athens,Rotterdam,2156641.11711808
Athens,Düsseldorf,1984436.95156523
Rome,Paris,1108588.56649932
Rome,London,1435552.09432735
Rome,Madrid,1366446.67238949
Rome,Berlin,1183054.53358066
Rome,Milan,477322.178547738
Rome,Barcelona,859988.368502634
Rome,Athens,1053508.32164555
Rome,Birmingham,1598532.83289024
Rome,Lisbon,1866531.99580921
Rome,Naples,188728.726445153
Rome,Katowice,1052662.86426448
Rome,Manchester,1690882.15120408
Rome,Hamburg,1309179.01901683
Rome,Budapest,810596.492644465
Rome,Bucharest,1141550.58801007
Rome,Warsaw,1317125.82474398
Rome,Stuttgart,807603.567653257
Rome,Vienna,765519.255609337
Rome,Munich,697548.524942252
Rome,Brussels,1173946.22289647
Rome,Stockholm,1977338.88466465
Rome,Frankfurt am Main,959308.769070261
Rome,Cologne,1090647.5291761
Rome,Copenhagen,1533908.53606629
Rome,Valencia,1118730.55095041
Rome,Turin,524436.028621712
Rome,Glasgow,1968741.34695677
Rome,Lyon,749886.155117398
Rome,Prague,920267.388556372
Rome,Sofia,7315935.26795162
Rome,Liverpool,1721871.38798053
Rome,Porto,1758166.27863815
Rome,Seville,1659268.18791326
Rome,Dublin,1888726.1738661
Rome,Helsinki,2204224.17587769
Rome,Amsterdam,1297846.62200371
Rome,Rotterdam,1269236.54982729
Rome,Düsseldorf,1125029.02858701
Birmingham,Paris,501167.34681637
Birmingham,London,162998.521798711
Birmingham,Madrid,1347927.63897809
Birmingham,Berlin,1036555.5917937
Birmingham,Milan,1123801.54603885
Birmingham,Barcelona,1271615.89689554
Birmingham,Athens,2554292.40128861
Birmingham,Rome,1598532.83289024
Birmingham,Lisbon,1629399.18226785
Birmingham,Naples,1781925.67473849
Birmingham,Katowice,1473009.31844216
Birmingham,Manchester,113614.568411683
Birmingham,Hamburg,806736.242813414
Birmingham,Budapest,1593870.18385748
Birmingham,Bucharest,2237952.20933642
Birmingham,Warsaw,1554555.08392175
Birmingham,Stuttgart,884378.458891041
Birmingham,Vienna,1380328.23735044
Birmingham,Munich,1072515.57207178
Birmingham,Brussels,469154.659302543
Birmingham,Stockholm,1454975.54631954
Birmingham,Frankfurt am Main,783053.434005682
Birmingham,Cologne,635693.287218235
Birmingham,Copenhagen,1009874.56584186
Birmingham,Valencia,1450812.04696282
Birmingham,Turin,1082447.8702381
Birmingham,Glasgow,406299.609247421
Birmingham,Lyon,893853.731350192
Birmingham,Prague,1169575.74246701
Birmingham,Sofia,8914391.58463004
Birmingham,Liverpool,126539.347826427
Birmingham,Porto,1358169.59660418
Birmingham,Seville,1707196.6217112
Birmingham,Dublin,308649.878570506
Birmingham,Helsinki,1850546.32501179
Birmingham,Amsterdam,462292.563490335
Birmingham,Rotterdam,440424.407996372
Birmingham,Düsseldorf,613668.903062745
Lisbon,Paris,1453570.39523704
Lisbon,London,1586542.5130236
Lisbon,Madrid,503860.962142254
Lisbon,Berlin,2315266.22992741
Lisbon,Milan,1686510.74054772
Lisbon,Barcelona,1009283.41156539
Lisbon,Athens,2858621.88574251
Lisbon,Rome,1866531.99580921
Lisbon,Birmingham,1629399.18226785
Lisbon,Naples,2011424.48678691
Lisbon,Katowice,2556401.91977892
Lisbon,Manchester,1724251.84830535
Lisbon,Hamburg,2201467.57344349
Lisbon,Budapest,2475362.7282925
Lisbon,Bucharest,2982787.51751105
Lisbon,Warsaw,2764765.99769677
Lisbon,Stuttgart,1843618.44520303
Lisbon,Vienna,2303623.72510572
Lisbon,Munich,1967910.21988274
Lisbon,Brussels,1714630.06064884
Lisbon,Stockholm,2993535.03618189
Lisbon,Frankfurt am Main,1893702.09493865
Lisbon,Cologne,1854246.28975198
Lisbon,Copenhagen,2482249.12035807
Lisbon,Valencia,762318.058473094
Lisbon,Turin,1560291.41039923
Lisbon,Glasgow,1941332.01246218
Lisbon,Lyon,1390695.0811983
Lisbon,Prague,2247983.48079932
Lisbon,Sofia,8442611.3479615
Lisbon,Liverpool,1700081.13022414
Lisbon,Porto,274808.922985771
Lisbon,Seville,312161.848553785
Lisbon,Dublin,1642299.43121836
Lisbon,Helsinki,3366819.16578535
Lisbon,Amsterdam,1865687.77201715
Lisbon,Rotterdam,1809378.72135138
Lisbon,Düsseldorf,1865747.07610281
Naples,Paris,1294937.38664045
Naples,London,1618941.58673216
Naples,Madrid,1516978.69361971
Naples,Berlin,1300167.93707926
Naples,Milan,658292.831016418
Naples,Barcelona,1014937.52005933
Naples,Athens,875080.208369531
Naples,Rome,188728.726445153
Naples,Birmingham,1781925.67473849
Naples,Lisbon,2011424.48678691
Naples,Katowice,1105956.24986156
Naples,Manchester,1872376.34906452
Naples,Hamburg,1449044.93925095
Naples,Budapest,833176.802379062
Naples,Bucharest,1050048.75751793
Naples,Warsaw,1367313.56715468
Naples,Stuttgart,968905.16396656
Naples,Vienna,836370.619189365
Naples,Munich,838588.347408344
Naples,Brussels,1349849.19605654
Naples,Stockholm,2073817.85083239
Naples,Frankfurt am Main,1118149.15338494
Naples,Cologne,1255880.27550592
Naples,Copenhagen,1655906.18204101
Naples,Valencia,1253812.16629791
Naples,Turin,712408.064864817
Naples,Glasgow,2147136.19566779
Naples,Lyon,938611.490569443
Naples,Prague,1025247.2531135
Naples,Sofia,7132752.39283819
Naples,Liverpool,1904464.28053038
Naples,Porto,1918279.35926183
Naples,Seville,1787899.08188692
Naples,Dublin,2074344.74161048
Naples,Helsinki,2273533.81051514
Naples,Amsterdam,1466381.79604146
Naples,Rotterdam,1440826.9174405
Naples,Düsseldorf,1290018.67767487
Katowice,Paris,1214532.34391551
Katowice,London,1350901.42339721
Katowice,Madrid,2074592.45446654
Katowice,Berlin,467449.908644206
Katowice,Milan,903695.12511921
Katowice,Barcelona,1629284.7818066
Katowice,Athens,1409783.83394599
Katowice,Rome,1052662.86426448
Katowice,Birmingham,1473009.31844216
Katowice,Lisbon,2556401.91977892
Katowice,Naples,1105956.24986156
Katowice,Manchester,1502676.53499798
Katowice,Hamburg,721943.437620358
Katowice,Budapest,302019.481754124
Katowice,Bucharest,836119.249395245
Katowice,Warsaw,264463.272829221
Katowice,Stuttgart,728903.619941695
Katowice,Vienna,294165.705262108
Katowice,Munich,588623.542387077
Katowice,Brussels,1039710.53362603
Katowice,Stockholm,1016022.14235367
Katowice,Frankfurt am Main,737178.932852178
Katowice,Cologne,856110.989972682
Katowice,Copenhagen,746367.066316144
Katowice,Valencia,1932703.49767576
Katowice,Turin,1023613.36749089
Katowice,Glasgow,1671686.94164898
Katowice,Lyon,1165793.21560682
Katowice,Prague,326363.212814017
Katowice,Sofia,7796787.1584788
Katowice,Liverpool,1551424.37370891
Katowice,Porto,2357477.1142499
Katowice,Seville,2446161.97236829
Katowice,Dublin,1768374.70818866
Katowice,Helsinki,1169701.89348425
Katowice,Amsterdam,1011477.261103
Katowice,Rotterdam,1034123.17011561
Katowice,Düsseldorf,869917.338968777
Manchester,Paris,604856.368689071
Manchester,London,262356.741082057
Manchester,Madrid,1456340.38484522
Manchester,Berlin,1052966.57583069
Manchester,Milan,1214286.42392605
Manchester,Barcelona,1384960.86971815
Manchester,Athens,2629314.00559958
Manchester,Rome,1690882.15120408
Manchester,Birmingham,113614.568411683
Manchester,Lisbon,1724251.84830535
Manchester,Naples,1872376.34906452
Manchester,Katowice,1502676.53499798
Manchester,Hamburg,811369.658804309
Manchester,Budapest,1642440.71623421
Manchester,Bucharest,2286183.22051374
Manchester,Warsaw,1565376.88113753
Manchester,Stuttgart,953879.194790771
Manchester,Vienna,1430917.83405256
Manchester,Munich,1138257.12711585
Manchester,Brussels,537814.531055029
Manchester,Stockholm,1405378.87680471
Manchester,Frankfurt am Main,840720.604259858
Manchester,Cologne,689181.996909633
Manchester,Copenhagen,986781.05146836
Manchester,Valencia,1563788.43855914
Manchester,Turin,1179657.50028646
Manchester,Glasgow,294913.381698425
Manchester,Lyon,998429.199944807
Manchester,Prague,1210080.35741839
Manchester,Sofia,9004816.30134493
Manchester,Liverpool,50255.325921385
Manchester,Porto,1451406.72103459
Manchester,Seville,1811610.19778983
Manchester,Dublin,267331.614455704
Manchester,Helsinki,1802580.06013768
Manchester,Amsterdam,495400.851071585
Manchester,Rotterdam,486052.876499652
Manchester,Düsseldorf,663308.790431265
Hamburg,Paris,747918.538397577
Hamburg,London,723238.54312433
Hamburg,Madrid,1787401.75186562
Hamburg,Berlin,254694.376805595
Hamburg,Milan,901235.254411184
Hamburg,Barcelona,1473625.37758048
Hamburg,Athens,2025220.72602691
Hamburg,Rome,1309179.01901683
Hamburg,Birmingham,806736.242813414
Hamburg,Lisbon,2201467.57344349
Hamburg,Naples,1449044.93925095
Hamburg,Katowice,721943.437620358
Hamburg,Manchester,811369.658804309
Hamburg,Budapest,928232.784792105
Hamburg,Bucharest,1547944.35442004
Hamburg,Warsaw,754351.784953135
Hamburg,Stuttgart,533963.553347074
Hamburg,Vienna,743864.278053348
Hamburg,Munich,612282.897298536
Hamburg,Brussels,489339.74430308
Hamburg,Stockholm,812022.629839587
Hamburg,Frankfurt am Main,393342.210713788
Hamburg,Cologne,357148.596221507
Hamburg,Copenhagen,289967.551906518
Hamburg,Valencia,1751960.74707142
Hamburg,Turin,958198.38152425
Hamburg,Glasgow,951943.08007906
Hamburg,Lyon,943027.273995471
Hamburg,Prague,494654.725558505
Hamburg,Sofia,8451054.49475086
Hamburg,Liverpool,861540.242925285
Hamburg,Porto,1958000.36787917
Hamburg,Seville,2177884.39541828
Hamburg,Dublin,1078210.06420878
Hamburg,Helsinki,1167506.47330307
Hamburg,Amsterdam,367244.775574623
Hamburg,Rotterdam,414448.939018631
Hamburg,Düsseldorf,339221.479182149
Budapest,Paris,1250046.29324761
Budapest,London,1453279.06577411
Budapest,Madrid,1978449.44306301
Budapest,Berlin,689313.515517402
Budapest,Milan,788856.503282385
Budapest,Barcelona,1500300.08015903
Budapest,Athens,1123891.22480252
Budapest,Rome,810596.492644465
Budapest,Birmingham,1593870.18385748
Budapest,Lisbon,2475362.7282925
Budapest,Naples,833176.802379062
Budapest,Katowice,302019.481754125
Budapest,Manchester,1642440.71623421
Budapest,Hamburg,928232.784792105
Budapest,Bucharest,644181.934024794
Budapest,Warsaw,545135.026556457
Budapest,Stuttgart,746983.127540005
Budapest,Vienna,214694.35904806
Budapest,Munich,563307.295355156
Budapest,Brussels,1131663.57051958
Budapest,Stockholm,1317815.48912635
Budapest,Frankfurt am Main,813629.404199837
Budapest,Cologne,958180.742614166
Budapest,Copenhagen,1014393.11341361
Budapest,Valencia,1799093.82364887
Budapest,Turin,915074.551938448
Budapest,Glasgow,1847124.98634864
Budapest,Lyon,1103536.87759785
Budapest,Prague,441605.731374875
Budapest,Sofia,7534992.52855315
Budapest,Liverpool,1688412.65467442
Budapest,Porto,2301531.14496724
Budapest,Seville,2331093.12897317
Budapest,Dublin,1899968.69320925
Budapest,Helsinki,1461259.27927161
Budapest,Amsterdam,1148537.8048576
Budapest,Rotterdam,1157259.2572155
Budapest,Düsseldorf,980982.187102956
Bucharest,Paris,1877259.72698279
Bucharest,London,2096179.33360634
Bucharest,Madrid,2478927.18417327
Bucharest,Berlin,1296901.56209079
Bucharest,Milan,1337088.99857097
Bucharest,Barcelona,1975616.68866864
Bucharest,Athens,743630.12528486
Bucharest,Rome,1141550.58801006
Bucharest,Birmingham,2237952.20933642
Bucharest,Lisbon,2982787.51751105
Bucharest,Naples,1050048.75751793
Bucharest,Katowice,836119.249395245
Bucharest,Manchester,2286183.22051374
Bucharest,Hamburg,1547944.35442004
Bucharest,Budapest,644181.934024794
Bucharest,Warsaw,945042.687021976
Bucharest,Stuttgart,1379807.69426897
Bucharest,Vienna,857766.731211373
Bucharest,Munich,1190445.80306968
Bucharest,Brussels,1774486.54725627
Bucharest,Stockholm,1743481.2628016
Bucharest,Frankfurt am Main,1456675.33253783
Bucharest,Cologne,1602263.9566016
Bucharest,Copenhagen,1576833.17272554
Bucharest,Valencia,2252814.70667158
Bucharest,Turin,1457164.07820906
Bucharest,Glasgow,2484596.97394708
Bucharest,Lyon,1675743.61832375
Bucharest,Prague,1079471.76187856
Bucharest,Sofia,6981192.70823455
Bucharest,Liverpool,2332367.61372458
Bucharest,Porto,2841810.99260866
Bucharest,Seville,2794951.86882978
Bucharest,Dublin,2544149.38489126
Bucharest,Helsinki,1752167.84116407
Bucharest,Amsterdam,1791654.34624321
Bucharest,Rotterdam,1801339.26703372
Bucharest,Düsseldorf,1625160.78999238
Warsaw,Paris,1372278.19217685
Warsaw,London,1452733.66923695
Warsaw,Madrid,2293756.29969373
Warsaw,Berlin,519529.129406326
Warsaw,Milan,1145784.76227958
Warsaw,Barcelona,1866280.61948347
Warsaw,Athens,1597557.43659203
Warsaw,Rome,1317125.82474398
Warsaw,Birmingham,1554555.08392175
Warsaw,Lisbon,2764765.99769677
Warsaw,Naples,1367313.56715468
Warsaw,Katowice,264463.272829221
Warsaw,Manchester,1565376.88113753
Warsaw,Hamburg,754351.784953135
Warsaw,Budapest,545135.026556456
Warsaw,Bucharest,945042.687021976
Warsaw,Stuttgart,921340.582936796
Warsaw,Vienna,556254.025506631
Warsaw,Munich,812133.125462636
Warsaw,Brussels,1163134.82162145
Warsaw,Stockholm,810728.459325009
Warsaw,Frankfurt am Main,892452.387329274
Warsaw,Cologne,982573.495394078
Warsaw,Copenhagen,673462.51299711
Warsaw,Valencia,2169361.59455098
Warsaw,Turin,1260950.13053461
Warsaw,Glasgow,1692538.99128983
Warsaw,Lyon,1380830.29242969
Warsaw,Prague,518527.089848584
Warsaw,Sofia,7925376.76141158
Warsaw,Liverpool,1615475.68011993
Warsaw,Porto,2553321.29129978
Warsaw,Seville,2672043.92119312
Warsaw,Dublin,1832427.74073271
Warsaw,Helsinki,916323.659817222
Warsaw,Amsterdam,1096983.29965695
Warsaw,Rotterdam,1131256.19975914
Warsaw,Düsseldorf,987947.609968806
Stuttgart,Paris,503684.82513837
Stuttgart,London,730611.849504849
Stuttgart,Madrid,1378506.82098313
Stuttgart,Berlin,511253.640216098
Stuttgart,Milan,368456.92501262
Stuttgart,Barcelona,988742.434245241
Stuttgart,Athens,1676127.75226051
Stuttgart,Rome,807603.567653258
Stuttgart,Birmingham,884378.458891041
Stuttgart,Lisbon,1843618.44520303
Stuttgart,Naples,968905.16396656
Stuttgart,Katowice,728903.619941695
Stuttgart,Manchester,953879.194790771
Stuttgart,Hamburg,533963.553347074
Stuttgart,Budapest,746983.127540005
Stuttgart,Bucharest,1379807.69426897
Stuttgart,Warsaw,921340.582936796
Stuttgart,Vienna,535165.782775713
Stuttgart,Munich,190972.377415266
Stuttgart,Brussels,416615.091713073
Stuttgart,Stockholm,1307760.83429323
Stuttgart,Frankfurt am Main,152500.057245328
Stuttgart,Cologne,288409.983664748
Stuttgart,Copenhagen,802579.960866636
Stuttgart,Valencia,1284252.46657037
Stuttgart,Turin,427969.280106643
Stuttgart,Glasgow,1204458.63433093
Stuttgart,Lyon,469998.11765461
Stuttgart,Prague,407704.350502017
Stuttgart,Sofia,8073686.73988013
Stuttgart,Liverpool,994195.196172855
Stuttgart,Porto,1633827.58691522
Stuttgart,Seville,1762292.95881511
Stuttgart,Dublin,1192642.51506302
Stuttgart,Helsinki,1619681.12747879
Stuttgart,Amsterdam,501864.050251615
Stuttgart,Rotterdam,484021.925763655
Stuttgart,Düsseldorf,322100.039311416
Vienna,Paris,1038840.78829171
Vienna,London,1238804.77577123
Vienna,Madrid,1813022.48276144
Vienna,Berlin,524081.174102488
Vienna,Milan,626791.402156657
Vienna,Barcelona,1351957.67464777
Vienna,Athens,1282639.95603147
Vienna,Rome,765519.255609337
Vienna,Birmingham,1380328.23735044
Vienna,Lisbon,2303623.72510572
Vienna,Naples,836370.619189365
Vienna,Katowice,294165.705262108
Vienna,Manchester,1430917.83405256
Vienna,Hamburg,743864.278053348
Vienna,Budapest,214694.35904806
Vienna,Bucharest,857766.731211373
Vienna,Warsaw,556254.02550663
Vienna,Stuttgart,535165.782775713
Vienna,Munich,356820.249827001
Vienna,Brussels,917142.665662624
Vienna,Stockholm,1242246.02755214
Vienna,Frankfurt am Main,599145.549377477
Vienna,Cologne,744724.955883559
Vienna,Copenhagen,871858.337654779
Vienna,Valencia,1654571.90199192
Vienna,Turin,750785.923229267
Vienna,Glasgow,1642118.68297297
Vienna,Lyon,918250.561162371
Vienna,Prague,249267.191346114
Vienna,Sofia,7707444.83193313
Vienna,Liverpool,1476412.00354297
Vienna,Porto,2118610.24835333
Vienna,Seville,2176606.83922777
Vienna,Dublin,1686997.23783487
Vienna,Helsinki,1441121.67860262
Vienna,Amsterdam,938524.220578702
Vienna,Rotterdam,945116.293005667
Vienna,Düsseldorf,768307.349062069
Munich,Paris,688266.160735095
Munich,London,920446.252941716
Munich,Madrid,1486857.76666419
Munich,Berlin,503981.694869513
Munich,Milan,348471.098001614
Munich,Barcelona,1055401.96163097
Munich,Athens,1497107.98725637
Munich,Rome,697548.524942251
Munich,Birmingham,1072515.57207178
Munich,Lisbon,1967910.21988274
Munich,Naples,838588.347408344
Munich,Katowice,588623.542387077
Munich,Manchester,1138257.12711585
Munich,Hamburg,612282.897298536
Munich,Budapest,563307.295355156
Munich,Bucharest,1190445.80306968
Munich,Warsaw,812133.125462636
Munich,Stuttgart,190972.377415266
Munich,Vienna,356820.249827001
Munich,Brussels,603512.606471415
Munich,Stockholm,1315431.68666515
Munich,Frankfurt am Main,304536.02015469
Munich,Cologne,456638.531203494
Munich,Copenhagen,842770.658715402
Munich,Valencia,1357989.81088778
Munich,Turin,453065.984052888
Munich,Glasgow,1380024.80668298
Munich,Lyon,577224.107007565
Munich,Prague,299412.745559191
Munich,Sofia,7907366.78636853
Munich,Liverpool,1179872.15652494
Munich,Porto,1772561.80830189
Munich,Seville,1861454.34210803
Munich,Dublin,1381094.98311083
Munich,Helsinki,1592048.76279527
Munich,Amsterdam,669584.779015998
Munich,Rotterdam,659840.764789706
Munich,Düsseldorf,487592.609978287
Brussels,Paris,264973.653446949
Brussels,London,321695.568410309
Brussels,Madrid,1316608.73965848
Brussels,Berlin,651587.215497376
Brussels,Milan,698031.496940373
Brussels,Barcelona,1065133.15187162
Brussels,Athens,2091499.68490314
Brussels,Rome,1173946.22289647
Brussels,Birmingham,469154.659302543
Brussels,Lisbon,1714630.06064884
Brussels,Naples,1349849.19605654
Brussels,Katowice,1039710.53362603
Brussels,Manchester,537814.531055029
Brussels,Hamburg,489339.74430308
Brussels,Budapest,1131663.57051958
Brussels,Bucharest,1774486.54725627
Brussels,Warsaw,1163134.82162145
Brussels,Stuttgart,416615.091713073
Brussels,Vienna,917142.665662624
Brussels,Munich,603512.606471415
Brussels,Stockholm,1282930.92319783
Brussels,Frankfurt am Main,318038.835896079
Brussels,Cologne,183792.232673055
Brussels,Copenhagen,767710.458684511
Brussels,Valencia,1317174.28040014
Brussels,Turin,688831.328218749
Brussels,Glasgow,798542.258429193
Brussels,Lyon,566965.90270871
Brussels,Prague,721673.03816555
Brussels,Sofia,8476373.1528333
Brussels,Liverpool,577601.415347733
Brussels,Porto,1468899.11447601
Brussels,Seville,1705618.68590035
Brussels,Dublin,777802.111589329
Brussels,Helsinki,1652190.82484646
Brussels,Amsterdam,173903.846136533
Brussels,Rotterdam,120241.370628523
Brussels,Düsseldorf,175206.065453853
Stockholm,Paris,1547573.99062098
Stockholm,London,1436385.48265044
Stockholm,Madrid,2595971.26127659
Stockholm,Berlin,812081.87336607
Stockholm,Milan,1653197.07275783
Stockholm,Barcelona,2280615.31228939
Stockholm,Athens,2407422.93022104
Stockholm,Rome,1977338.88466465
Stockholm,Birmingham,1454975.54631954
Stockholm,Lisbon,2993535.03618189
Stockholm,Naples,2073817.85083239
Stockholm,Katowice,1016022.14235367
Stockholm,Manchester,1405378.87680471
Stockholm,Hamburg,812022.629839587
Stockholm,Budapest,1317815.48912635
Stockholm,Bucharest,1743481.2628016
Stockholm,Warsaw,810728.459325009
Stockholm,Stuttgart,1307760.83429323
Stockholm,Vienna,1242246.02755214
Stockholm,Munich,1315431.68666515
Stockholm,Brussels,1282930.92319783
Stockholm,Frankfurt am Main,1188332.5156277
Stockholm,Cologne,1168966.66044916
Stockholm,Copenhagen,522076.923326163
Stockholm,Valencia,2562905.65645622
Stockholm,Turin,1733424.70969895
Stockholm,Glasgow,1381974.79801994
Stockholm,Lyon,1749473.85258146
Stockholm,Prague,1057157.69345044
Stockholm,Sofia,8706070.29078
Stockholm,Liverpool,1450427.21915537
Stockholm,Porto,2740299.04777761
Stockholm,Seville,2986098.02728984
Stockholm,Dublin,1633329.54658961
Stockholm,Helsinki,397403.112104723
Stockholm,Amsterdam,1127868.93874476
Stockholm,Rotterdam,1184178.93340289
Stockholm,Düsseldorf,1149369.14959303
Frankfurt am Main,Paris,481375.603406466
Frankfurt am Main,London,639663.09978365
Frankfurt am Main,Madrid,1447275.17328822
Frankfurt am Main,Berlin,423371.538215832
Frankfurt am Main,Milan,518015.170916852
Frankfurt am Main,Barcelona,1093163.6285114
Frankfurt am Main,Athens,1801345.02725426
Frankfurt am Main,Rome,959308.76907026
Frankfurt am Main,Birmingham,783053.434005682
Frankfurt am Main,Lisbon,1893702.09493865
Frankfurt am Main,Naples,1118149.15338494
Frankfurt am Main,Katowice,737178.932852178
Frankfurt am Main,Manchester,840720.604259858
Frankfurt am Main,Hamburg,393342.210713788
Frankfurt am Main,Budapest,813629.404199837
Frankfurt am Main,Bucharest,1456675.33253783
Frankfurt am Main,Warsaw,892452.387329274
Frankfurt am Main,Stuttgart,152500.057245329
Frankfurt am Main,Vienna,599145.549377477
Frankfurt am Main,Munich,304536.020154689
Frankfurt am Main,Brussels,318038.835896079
Frankfurt am Main,Stockholm,1188332.5156277
Frankfurt am Main,Cologne,152934.446048717
Frankfurt am Main,Copenhagen,673169.01308141
Frankfurt am Main,Valencia,1380493.64131903
Frankfurt am Main,Turin,565683.617468382
Frankfurt am Main,Glasgow,1075949.97614792
Frankfurt am Main,Lyon,562848.378664494
Frankfurt am Main,Prague,412486.96417281
Frankfurt am Main,Sofia,8210666.27702785
Frankfurt am Main,Liverpool,884184.84758704
Frankfurt am Main,Porto,1669699.98693709
Frankfurt am Main,Seville,1835819.73753717
Frankfurt am Main,Dublin,1091003.53980679
Frankfurt am Main,Helsinki,1517918.69462392
Frankfurt am Main,Amsterdam,365048.785326165
Frankfurt am Main,Rotterdam,357338.670210354
Frankfurt am Main,Düsseldorf,183103.579723566
Cologne,Paris,405620.252889867
Cologne,London,498975.236590103
Cologne,Madrid,1431340.30022955
Cologne,Berlin,477454.122851408
Cologne,Milan,630776.157702016
Cologne,Barcelona,1123916.37813966
Cologne,Athens,1953740.64949252
Cologne,Rome,1090647.5291761
Cologne,Birmingham,635693.287218235
Cologne,Lisbon,1854246.28975198
Cologne,Naples,1255880.27550592
Cologne,Katowice,856110.989972682
Cologne,Manchester,689181.996909633
Cologne,Hamburg,357148.596221507
Cologne,Budapest,958180.742614166
Cologne,Bucharest,1602263.9566016
Cologne,Warsaw,982573.495394078
Cologne,Stuttgart,288409.983664747
Cologne,Vienna,744724.955883559
Cologne,Munich,456638.531203494
Cologne,Brussels,183792.232673055
Cologne,Stockholm,1168966.66044916
Cologne,Frankfurt am Main,152934.446048717
Cologne,Copenhagen,646912.588918906
Cologne,Valencia,1397154.06451157
Cologne,Turin,654967.975777703
Cologne,Glasgow,923398.220714638
Cologne,Lyon,597195.151140175
Cologne,Prague,539843.302199143
Cologne,Sofia,8360027.03915614
Cologne,Liverpool,733370.250312384
Cologne,Porto,1617645.51773358
Cologne,Seville,1821838.88828225
Cologne,Dublin,942375.431931827
Cologne,Helsinki,1521857.3284806
Cologne,Amsterdam,214269.388135519
Cologne,Rotterdam,204519.834214542
Cologne,Düsseldorf,34429.0916640208
Copenhagen,Paris,1030747.88821701
Copenhagen,London,958749.524973443
Copenhagen,Madrid,2075553.93252109
Copenhagen,Berlin,356843.442574795
Copenhagen,Milan,1161727.07066481
Copenhagen,Barcelona,1761597.7434227
Copenhagen,Athens,2137917.2606224
Copenhagen,Rome,1533908.53606629
Copenhagen,Birmingham,1009874.56584186
Copenhagen,Lisbon,2482249.12035807
Copenhagen,Naples,1655906.18204101
Copenhagen,Katowice,746367.066316144
Copenhagen,Manchester,986781.05146836
Copenhagen,Hamburg,289967.551906518
Copenhagen,Budapest,1014393.11341361
Copenhagen,Bucharest,1576833.17272554
Copenhagen,Warsaw,673462.51299711
Copenhagen,Stuttgart,802579.960866636
Copenhagen,Vienna,871858.337654779
Copenhagen,Munich,842770.658715402
Copenhagen,Brussels,767710.458684511
Copenhagen,Stockholm,522076.923326163
Copenhagen,Frankfurt am Main,673169.01308141
Copenhagen,Cologne,646912.588918906
Copenhagen,Valencia,2041589.08901837
Copenhagen,Turin,1230535.52699467
Copenhagen,Glasgow,1053080.18247224
Copenhagen,Lyon,1230510.899445
Copenhagen,Prague,638758.821665775
Copenhagen,Sofia,8542354.29033934
Copenhagen,Liverpool,1036084.59748804
Copenhagen,Porto,2234225.2878781
Copenhagen,Seville,2465922.42066692
Copenhagen,Dublin,1242725.05270608
Copenhagen,Helsinki,884672.784244804
Copenhagen,Amsterdam,623200.707516846
Copenhagen,Rotterdam,677195.072505468
Copenhagen,Düsseldorf,627765.294027348
Valencia,Paris,1065152.85705611
Valencia,London,1338015.18574073
Valencia,Madrid,303154.617100779
Valencia,Berlin,1793534.83991534
Valencia,Milan,1029415.02204831
Valencia,Barcelona,303448.453952407
Valencia,Athens,2096318.63683236
Valencia,Rome,1118730.55095041
Valencia,Birmingham,1450812.04696282
Valencia,Lisbon,762318.058473094
Valencia,Naples,1253812.16629791
Valencia,Katowice,1932703.49767576
Valencia,Manchester,1563788.43855914
Valencia,Hamburg,1751960.74707142
Valencia,Budapest,1799093.82364887
Valencia,Bucharest,2252814.70667158
Valencia,Warsaw,2169361.59455098
Valencia,Stuttgart,1284252.46657037
Valencia,Vienna,1654571.90199192
Valencia,Munich,1357989.81088778
Valencia,Brussels,1317174.28040014
Valencia,Stockholm,2562905.65645622
Valencia,Frankfurt am Main,1380493.64131903
Valencia,Cologne,1397154.06451157
Valencia,Copenhagen,2041589.08901837
Valencia,Turin,909478.747173449
Valencia,Glasgow,1844766.13653548
Valencia,Lyon,818437.641428676
Valencia,Prague,1656103.77914506
Valencia,Sofia,7882638.84482057
Valencia,Liverpool,1561991.33678121
Valencia,Porto,724089.537974734
Valencia,Seville,542164.804756538
Valencia,Dublin,1606477.16856783
Valencia,Helsinki,2898048.35241322
Valencia,Amsterdam,1490276.58401797
Valencia,Rotterdam,1434149.92544883
Valencia,Düsseldorf,1420022.51107637
Turin,Paris,586395.908319126
Turin,London,920147.371524399
Turin,Madrid,1064480.45107555
Turin,Berlin,927761.043616525
Turin,Milan,126219.381880917
Turin,Barcelona,606046.869676859
Turin,Athens,1549091.12736361
Turin,Rome,524436.028621711
Turin,Birmingham,1082447.8702381
Turin,Lisbon,1560291.41039923
Turin,Naples,712408.064864818
Turin,Katowice,1023613.36749089
Turin,Manchester,1179657.50028646
Turin,Hamburg,958198.38152425
Turin,Budapest,915074.551938448
Turin,Bucharest,1457164.07820906
Turin,Warsaw,1260950.13053461
Turin,Stuttgart,427969.280106644
Turin,Vienna,750785.923229267
Turin,Munich,453065.984052888
Turin,Brussels,688831.328218749
Turin,Stockholm,1733424.70969895
Turin,Frankfurt am Main,565683.617468383
Turin,Cologne,654967.975777703
Turin,Copenhagen,1230535.52699467
Turin,Valencia,909478.747173449
Turin,Glasgow,1464956.32639073
Turin,Lyon,235927.576907952
Turin,Prague,752462.276222852
Turin,Sofia,7835622.78262905
Turin,Liverpool,1207492.01481358
Turin,Porto,1392955.26406602
Turin,Seville,1425921.82778046
Turin,Dublin,1366945.15686121
Turin,Helsinki,2033366.3439554
Turin,Amsterdam,837695.0300209
Turin,Rotterdam,798195.203372369
Turin,Düsseldorf,687984.977623344
Glasgow,Paris,897604.976527566
Glasgow,London,555594.851806089
Glasgow,Madrid,1717751.00544598
Glasgow,Berlin,1206126.45534393
Glasgow,Milan,1491439.25126284
Glasgow,Barcelona,1676467.87829531
Glasgow,Athens,2877132.78500757
Glasgow,Rome,1968741.34695677
Glasgow,Birmingham,406299.609247421
Glasgow,Lisbon,1941332.01246218
Glasgow,Naples,2147136.19566779
Glasgow,Katowice,1671686.94164898
Glasgow,Manchester,294913.381698426
Glasgow,Hamburg,951943.08007906
Glasgow,Budapest,1847124.98634864
Glasgow,Bucharest,2484596.97394708
Glasgow,Warsaw,1692538.99128983
Glasgow,Stuttgart,1204458.63433093
Glasgow,Vienna,1642118.68297297
Glasgow,Munich,1380024.80668298
Glasgow,Brussels,798542.258429193
Glasgow,Stockholm,1381974.79801994
Glasgow,Frankfurt am Main,1075949.97614792
Glasgow,Cologne,923398.220714638
Glasgow,Copenhagen,1053080.18247224
Glasgow,Valencia,1844766.13653548
Glasgow,Turin,1464956.32639073
Glasgow,Lyon,1290924.92919303
Glasgow,Prague,1406314.95565149
Glasgow,Sofia,9274719.83457376
Glasgow,Liverpool,284943.802703288
Glasgow,Porto,1666523.18081171
Glasgow,Seville,2057628.88105936
Glasgow,Dublin,308247.308180081
Glasgow,Helsinki,1774527.95686809
Glasgow,Amsterdam,711986.825723617
Glasgow,Rotterdam,721012.516729063
Glasgow,Düsseldorf,892970.713076696
Lyon,Paris,393576.188592176
Lyon,London,736089.21649678
Lyon,Madrid,912931.140900499
Lyon,Berlin,975833.211698812
Lyon,Milan,341433.263210471
Lyon,Barcelona,531190.949975463
Lyon,Athens,1784260.4390846
Lyon,Rome,749886.155117398
Lyon,Birmingham,893853.731350192
Lyon,Lisbon,1390695.0811983
Lyon,Naples,938611.490569443
Lyon,Katowice,1165793.21560682
Lyon,Manchester,998429.199944807
Lyon,Hamburg,943027.273995471
Lyon,Budapest,1103536.87759785
Lyon,Bucharest,1675743.61832375
Lyon,Warsaw,1380830.29242969
Lyon,Stuttgart,469998.11765461
Lyon,Vienna,918250.561162371
Lyon,Munich,577224.107007565
Lyon,Brussels,566965.90270871
Lyon,Stockholm,1749473.85258146
Lyon,Frankfurt am Main,562848.378664493
Lyon,Cologne,597195.151140175
Lyon,Copenhagen,1230510.899445
Lyon,Valencia,818437.641428675
Lyon,Turin,235927.576907952
Lyon,Glasgow,1290924.92919303
Lyon,Prague,862307.413677814
Lyon,Sofia,8043907.02006185
Lyon,Liverpool,1020375.70767729
Lyon,Porto,1200432.39390603
Lyon,Seville,1293643.24674119
Lyon,Dublin,1162385.67693571
Lyon,Helsinki,2079682.41904829
Lyon,Amsterdam,735667.384643778
Lyon,Rotterdam,686259.850281595
Lyon,Düsseldorf,624686.414773564
Prague,Paris,888190.650564313
Prague,London,1038567.69714702
Prague,Madrid,1775229.90861364
Prague,Berlin,283167.668369518
Prague,Milan,644925.925678348
Prague,Barcelona,1353998.46447737
Prague,Athens,1531579.01890121
Prague,Rome,920267.388556372
Prague,Birmingham,1169575.74246701
Prague,Lisbon,2247983.48079932
Prague,Naples,1025247.2531135
Prague,Katowice,326363.212814017
Prague,Manchester,1210080.35741839
Prague,Hamburg,494654.725558504
Prague,Budapest,441605.731374875
Prague,Bucharest,1079471.76187856
Prague,Warsaw,518527.089848584
Prague,Stuttgart,407704.350502017
Prague,Vienna,249267.191346114
Prague,Munich,299412.745559191
Prague,Brussels,721673.03816555
Prague,Stockholm,1057157.69345044
Prague,Frankfurt am Main,412486.96417281
Prague,Cologne,539843.302199143
Prague,Copenhagen,638758.821665775
Prague,Valencia,1656103.77914506
Prague,Turin,752462.276222852
Prague,Glasgow,1406314.95565149
Prague,Lyon,862307.413677814
Prague,Sofia,7956701.78586998
Prague,Liverpool,1257278.60587523
Prague,Porto,2041301.62116719
Prague,Seville,2153992.95841406
Prague,Dublin,1471725.24517233
Prague,Helsinki,1305993.92729897
Prague,Amsterdam,714679.878027141
Prague,Rotterdam,729322.033864167
Prague,Düsseldorf,557550.98037879
Sofia,Paris,8422010.45049885
Sofia,London,8751394.7578652
Sofia,Madrid,8170341.33787371
Sofia,Berlin,8223280.64201003
Sofia,Milan,7791045.01241686
Sofia,Barcelona,7859326.63341003
Sofia,Athens,6426352.30156618
Sofia,Rome,7315935.26795162
Sofia,Birmingham,8914391.58463004
Sofia,Lisbon,8442611.3479615
Sofia,Naples,7132752.39283819
Sofia,Katowice,7796787.1584788
Sofia,Manchester,9004816.30134493
Sofia,Hamburg,8451054.49475086
Sofia,Budapest,7534992.52855315
Sofia,Bucharest,6981192.70823455
Sofia,Warsaw,7925376.76141158
Sofia,Stuttgart,8073686.73988013
Sofia,Vienna,7707444.83193313
Sofia,Munich,7907366.78636853
Sofia,Brussels,8476373.1528333
Sofia,Stockholm,8706070.29078
Sofia,Frankfurt am Main,8210666.27702785
Sofia,Cologne,8360027.03915614
Sofia,Copenhagen,8542354.29033934
Sofia,Valencia,7882638.84482057
Sofia,Turin,7835622.78262905
Sofia,Glasgow,9274719.83457376
Sofia,Lyon,8043907.02006185
Sofia,Prague,7956701.78586998
Sofia,Liverpool,9037214.72880908
Sofia,Porto,8554319.24574986
Sofia,Seville,8132158.95227366
Sofia,Dublin,9202432.37309876
Sofia,Helsinki,8618170.00302224
Sofia,Amsterdam,8574294.76434825
Sofia,Rotterdam,8557341.52765235
Sofia,Düsseldorf,8392503.53802485
Liverpool,Paris,627540.833465969
Liverpool,London,287351.524683592
Liverpool,Madrid,1445136.82033982
Liverpool,Berlin,1102701.42080543
Liverpool,Milan,1246171.68577643
Liverpool,Barcelona,1391696.19264937
Liverpool,Athens,2668380.55743217
Liverpool,Rome,1721871.38798053
Liverpool,Birmingham,126539.347826427
Liverpool,Lisbon,1700081.13022414
Liverpool,Naples,1904464.28053038
Liverpool,Katowice,1551424.37370891
Liverpool,Manchester,50255.325921385
Liverpool,Hamburg,861540.242925285
Liverpool,Budapest,1688412.65467442
Liverpool,Bucharest,2332367.61372458
Liverpool,Warsaw,1615475.68011993
Liverpool,Stuttgart,994195.196172855
Liverpool,Vienna,1476412.00354297
Liverpool,Munich,1179872.15652494
Liverpool,Brussels,577601.415347733
Liverpool,Stockholm,1450427.21915537
Liverpool,Frankfurt am Main,884184.84758704
Liverpool,Cologne,733370.250312384
Liverpool,Copenhagen,1036084.59748804
Liverpool,Valencia,1561991.33678121
Liverpool,Turin,1207492.01481358
Liverpool,Glasgow,284943.802703288
Liverpool,Lyon,1020375.70767729
Liverpool,Prague,1257278.60587523
Liverpool,Sofia,9037214.72880908
Liverpool,Porto,1426419.49258333
Liverpool,Seville,1795348.7370513
Liverpool,Dublin,217595.312091237
Liverpool,Helsinki,1847765.81766537
Liverpool,Amsterdam,542777.179297346
Liverpool,Rotterdam,531297.916310416
Liverpool,Düsseldorf,708267.704017817
Porto,Paris,1212897.27351744
Porto,London,1321711.69864197
Porto,Madrid,422074.147881389
Porto,Berlin,2086779.59576042
Porto,Milan,1517900.60108903
Porto,Barcelona,903795.512146523
Porto,Athens,2784885.69229788
Porto,Rome,1758166.27863815
Porto,Birmingham,1358169.59660418
Porto,Lisbon,274808.922985771
Porto,Naples,1918279.35926183
Porto,Katowice,2357477.1142499
Porto,Manchester,1451406.72103459
Porto,Hamburg,1958000.36787917
Porto,Budapest,2301531.14496724
Porto,Bucharest,2841810.99260866
Porto,Warsaw,2553321.29129978
Porto,Stuttgart,1633827.58691522
Porto,Vienna,2118610.24835333
Porto,Munich,1772561.80830189
Porto,Brussels,1468899.11447601
Porto,Stockholm,2740299.04777761
Porto,Frankfurt am Main,1669699.98693709
Porto,Cologne,1617645.51773358
Porto,Copenhagen,2234225.2878781
Porto,Valencia,724089.537974734
Porto,Turin,1392955.26406602
Porto,Glasgow,1666523.18081171
Porto,Lyon,1200432.39390603
Porto,Prague,2041301.62116719
Porto,Sofia,8554319.24574986
Porto,Liverpool,1426419.49258333
Porto,Seville,474568.435469076
Porto,Dublin,1367797.34487046
Porto,Helsinki,3118529.51392326
Porto,Amsterdam,1613483.52987315
Porto,Rotterdam,1558032.8926917
Porto,Düsseldorf,1626510.36261244
Seville,Paris,1440753.14706382
Seville,London,1635587.71371519
Seville,Madrid,390504.191600236
Seville,Berlin,2258456.26581289
Seville,Milan,1550009.23153829
Seville,Barcelona,831557.004734351
Seville,Athens,2611424.22341535
Seville,Rome,1659268.18791326
Seville,Birmingham,1707196.6217112
Seville,Lisbon,312161.848553785
Seville,Naples,1787899.08188692
Seville,Katowice,2446161.97236829
Seville,Manchester,1811610.19778983
Seville,Hamburg,2177884.39541828
Seville,Budapest,2331093.12897317
Seville,Bucharest,2794951.86882978
Seville,Warsaw,2672043.92119312
Seville,Stuttgart,1762292.95881511
Seville,Vienna,2176606.83922777
Seville,Munich,1861454.34210803
Seville,Brussels,1705618.68590035
Seville,Stockholm,2986098.02728984
Seville,Frankfurt am Main,1835819.73753717
Seville,Cologne,1821838.88828225
Seville,Copenhagen,2465922.42066692
Seville,Valencia,542164.804756539
Seville,Turin,1425921.82778046
Seville,Glasgow,2057628.88105936
Seville,Lyon,1293643.24674119
Seville,Prague,2153992.95841406
Seville,Sofia,8132158.95227366
Seville,Liverpool,1795348.73705129
Seville,Porto,474568.435469077
Seville,Dublin,1774022.03119453
Seville,Helsinki,3343449.28458855
Seville,Amsterdam,1869498.64869367
Seville,Rotterdam,1812083.69968395
Seville,Düsseldorf,1838693.59435582
Dublin,Paris,780591.71915127
Dublin,London,464591.601961709
Dublin,Madrid,1450644.75639017
Dublin,Berlin,1320264.65374757
Dublin,Milan,1418400.67492222
Dublin,Barcelona,1472808.43850021
Dublin,Athens,2859622.4981308
Dublin,Rome,1888726.1738661
Dublin,Birmingham,308649.878570506
Dublin,Lisbon,1642299.43121836
Dublin,Naples,2074344.74161048
Dublin,Katowice,1768374.70818866
Dublin,Manchester,267331.614455704
Dublin,Hamburg,1078210.06420878
Dublin,Budapest,1899968.69320925
Dublin,Bucharest,2544149.38489126
Dublin,Warsaw,1832427.74073271
Dublin,Stuttgart,1192642.51506302
Dublin,Vienna,1686997.23783487
Dublin,Munich,1381094.98311084
Dublin,Brussels,777802.111589329
Dublin,Stockholm,1633329.54658961
Dublin,Frankfurt am Main,1091003.53980679
Dublin,Cologne,942375.431931828
Dublin,Copenhagen,1242725.05270608
Dublin,Valencia,1606477.16856783
Dublin,Turin,1366945.15686121
Dublin,Glasgow,308247.308180081
Dublin,Lyon,1162385.67693571
Dublin,Prague,1471725.24517233
Dublin,Sofia,9202432.37309876
Dublin,Liverpool,217595.312091237
Dublin,Porto,1367797.34487046
Dublin,Seville,1774022.03119453
Dublin,Helsinki,2030209.64762604
Dublin,Amsterdam,758262.439728285
Dublin,Rotterdam,743282.90290623
Dublin,Düsseldorf,918989.988580741
Helsinki,Paris,1914357.77764688
Helsinki,London,1826156.05204747
Helsinki,Madrid,2953002.15072675
Helsinki,Berlin,1108633.08931391
Helsinki,Milan,1939611.47645224
Helsinki,Barcelona,2607085.36697921
Helsinki,Athens,2468512.13174133
Helsinki,Rome,2204224.17587769
Helsinki,Birmingham,1850546.32501179
Helsinki,Lisbon,3366819.16578535
Helsinki,Naples,2273533.81051514
Helsinki,Katowice,1169701.89348425
Helsinki,Manchester,1802580.06013768
Helsinki,Hamburg,1167506.47330307
Helsinki,Budapest,1461259.27927161
Helsinki,Bucharest,1752167.84116407
Helsinki,Warsaw,916323.659817223
Helsinki,Stuttgart,1619681.12747879
Helsinki,Vienna,1441121.67860262
Helsinki,Munich,1592048.76279527
Helsinki,Brussels,1652190.82484646
Helsinki,Stockholm,397403.112104723
Helsinki,Frankfurt am Main,1517918.69462392
Helsinki,Cologne,1521857.3284806
Helsinki,Copenhagen,884672.784244805
Helsinki,Valencia,2898048.35241322
Helsinki,Turin,2033366.3439554
Helsinki,Glasgow,1774527.95686809
Helsinki,Lyon,2079682.41904829
Helsinki,Prague,1305993.92729897
Helsinki,Sofia,8618170.00302224
Helsinki,Liverpool,1847765.81766537
Helsinki,Porto,3118529.51392326
Helsinki,Seville,3343449.28458855
Helsinki,Dublin,2030209.64762604
Helsinki,Amsterdam,1505662.50663427
Helsinki,Rotterdam,1560648.39130601
Helsinki,Düsseldorf,1506279.30619457
Amsterdam,Paris,431171.407474136
Amsterdam,London,358400.500510505
Amsterdam,Madrid,1481961.57267201
Amsterdam,Berlin,577525.302827255
Amsterdam,Milan,829928.400982993
Amsterdam,Barcelona,1238907.93937034
Amsterdam,Athens,2166136.66188743
Amsterdam,Rome,1297846.62200371
Amsterdam,Birmingham,462292.563490336
Amsterdam,Lisbon,1865687.77201715
Amsterdam,Naples,1466381.79604146
Amsterdam,Katowice,1011477.261103
Amsterdam,Manchester,495400.851071585
Amsterdam,Hamburg,367244.775574623
Amsterdam,Budapest,1148537.8048576
Amsterdam,Bucharest,1791654.34624321
Amsterdam,Warsaw,1096983.29965695
Amsterdam,Stuttgart,501864.050251615
Amsterdam,Vienna,938524.220578702
Amsterdam,Munich,669584.779015998
Amsterdam,Brussels,173903.846136533
Amsterdam,Stockholm,1127868.93874476
Amsterdam,Frankfurt am Main,365048.785326165
Amsterdam,Cologne,214269.388135519
Amsterdam,Copenhagen,623200.707516846
Amsterdam,Valencia,1490276.58401797
Amsterdam,Turin,837695.0300209
Amsterdam,Glasgow,711986.825723617
Amsterdam,Lyon,735667.384643779
Amsterdam,Prague,714679.878027141
Amsterdam,Sofia,8574294.76434825
Amsterdam,Liverpool,542777.179297346
Amsterdam,Porto,1613483.52987315
Amsterdam,Seville,1869498.64869367
Amsterdam,Dublin,758262.439728285
Amsterdam,Helsinki,1505662.50663427
Amsterdam,Rotterdam,57434.3038225153
Amsterdam,Düsseldorf,182101.940952353
Rotterdam,Paris,373889.52605247
Rotterdam,London,321597.38614033
Rotterdam,Madrid,1424527.66137173
Rotterdam,Berlin,612144.372569719
Rotterdam,Milan,797350.48583762
Rotterdam,Barcelona,1184832.2288352
Rotterdam,Athens,2156641.11711808
Rotterdam,Rome,1269236.54982729
Rotterdam,Birmingham,440424.407996372
Rotterdam,Lisbon,1809378.72135138
Rotterdam,Naples,1440826.9174405
Rotterdam,Katowice,1034123.17011561
Rotterdam,Manchester,486052.876499651
Rotterdam,Hamburg,414448.939018631
Rotterdam,Budapest,1157259.2572155
Rotterdam,Bucharest,1801339.26703372
Rotterdam,Warsaw,1131256.19975914
Rotterdam,Stuttgart,484021.925763655
Rotterdam,Vienna,945116.293005667
Rotterdam,Munich,659840.764789706
Rotterdam,Brussels,120241.370628523
Rotterdam,Stockholm,1184178.93340289
Rotterdam,Frankfurt am Main,357338.670210354
Rotterdam,Cologne,204519.834214542
Rotterdam,Copenhagen,677195.072505468
Rotterdam,Valencia,1434149.92544883
Rotterdam,Turin,798195.203372369
Rotterdam,Glasgow,721012.516729063
Rotterdam,Lyon,686259.850281595
Rotterdam,Prague,729322.033864167
Rotterdam,Sofia,8557341.52765235
Rotterdam,Liverpool,531297.916310416
Rotterdam,Porto,1558032.8926917
Rotterdam,Seville,1812083.69968395
Rotterdam,Dublin,743282.90290623
Rotterdam,Helsinki,1560648.39130601
Rotterdam,Amsterdam,57434.3038225154
Rotterdam,Düsseldorf,177307.456175228
Düsseldorf,Paris,413619.104949311
Düsseldorf,London,481657.387087601
Düsseldorf,Madrid,1448224.11320508
Düsseldorf,Berlin,477371.70529206
Düsseldorf,Milan,665037.598615165
Düsseldorf,Barcelona,1149406.51389931
Düsseldorf,Athens,1984436.95156524
Düsseldorf,Rome,1125029.02858701
Düsseldorf,Birmingham,613668.903062745
Düsseldorf,Lisbon,1865747.07610281
Düsseldorf,Naples,1290018.67767487
Düsseldorf,Katowice,869917.338968777
Düsseldorf,Manchester,663308.790431265
Düsseldorf,Hamburg,339221.479182149
Düsseldorf,Budapest,980982.187102956
Düsseldorf,Bucharest,1625160.78999238
Düsseldorf,Warsaw,987947.609968806
Düsseldorf,Stuttgart,322100.039311415
Düsseldorf,Vienna,768307.349062069
Düsseldorf,Munich,487592.609978287
Düsseldorf,Brussels,175206.065453853
Düsseldorf,Stockholm,1149369.14959303
Düsseldorf,Frankfurt am Main,183103.579723566
Düsseldorf,Cologne,34429.0916640206
Düsseldorf,Copenhagen,627765.294027348
Düsseldorf,Valencia,1420022.51107637
Düsseldorf,Turin,687984.977623344
Düsseldorf,Glasgow,892970.713076696
Düsseldorf,Lyon,624686.414773564
Düsseldorf,Prague,557550.98037879
Düsseldorf,Sofia,8392503.53802485
Düsseldorf,Liverpool,708267.704017817
Düsseldorf,Porto,1626510.36261244
Düsseldorf,Seville,1838693.59435582
Düsseldorf,Dublin,918989.988580741
Düsseldorf,Helsinki,1506279.30619457
Düsseldorf,Amsterdam,182101.940952352
Düsseldorf,Rotterdam,177307.456175228
